Username,EmailAddress,Password,GivenName,Surname,StreetAddress,City,State,ZipCode,CCType,CCNumber,CVV2,CCExpires
Beas1986,SamuelJAkins@trashymail.com,Na3xeaThais,Samuel,Akins,3926 Buena Vista Avenue,Roseburg,OR,97470,Visa,4929865724992249,120,9/2015
Dartakifinee,BarbaraJGrant@dodgit.com,joG8ohfir,Barbara,Grant,3978 Steve Hunt Road,Miami,FL,33128,Visa,4532100185774491,612,12/2015
Theraideban,JefferyFBlum@mailinator.com,aed7Gohy,Jeffery,Blum,2611 Hartland Avenue,Randolph,WI,53956,Visa,4532916006552612,322,5/2017
Witen1950,ArthurTKoch@trashymail.com,eepeZ8pah1i,Arthur,Koch,1143 Leo Street,Broomfield,CO,80020,MasterCard,5316567367272974,455,8/2016
Majeappre,WillieKWoodham@mailinator.com,AhZ1eelam,Willie,Woodham,3304 Platinum Drive,Bridgeville,PA,15017,Visa,4556821497816032,478,10/2013
Amithe1992,EdithJGarcia@spambob.com,oof6Ieth6joh,Edith,Garcia,514 Oak Ridge Drive,Sikeston,MO,63801,MasterCard,5240428671145136,613,1/2014
Yought,JamieMBroadbent@spambob.com,Ahzo3Us0ae,Jamie,Broadbent,65 Morris Street,San Antonio,TX,78205,MasterCard,5524092745125495,362,4/2013
Crast1959,ChristopherGTucker@mailinator.com,oP7AThoo,Christopher,Tucker,1921 Mount Street,Saginaw,MI,48601,Visa,4539224618127102,958,5/2015
Famenjusich1934,LizzieJAlcaraz@spambob.com,da4oqu9Ei,Lizzie,Alcaraz,2595 Crestview Terrace,San Antonio,TX,78205,MasterCard,5175313756075250,821,7/2015
Therks,MartinCCrutchfield@spambob.com,Ohreoboh3,Martin,Crutchfield,3867 Oak Avenue,Vernon Hills,IL,60061,Visa,4556964729078805,495,4/2014
Fous1986,StevenRAkers@dodgit.com,io3Ui6aeNg,Steven,Akers,1603 Seth Street,Hawley,TX,79525,MasterCard,5559984523723228,916,6/2015
Otheaked,JuliaSJuarez@trashymail.com,CohC6ai1ae,Julia,Juarez,4083 University Drive,Chicago,IL,60606,MasterCard,5186181692631453,886,2/2014
Bactithe,ThomasJBaumgart@spambob.com,ahgh5oi6J,Thomas,Baumgart,297 Fittro Street,Jonesboro,AR,72401,MasterCard,5195871208664936,943,12/2013
Wilory1944,JustinKPino@spambob.com,oL9nohng5,Justin,Pino,1137 Goldleaf Lane,Secaucus,NJ,07094,Visa,4929888842634816,808,10/2013
Tworet,DonaldZHughes@spambob.com,shiec7Uph1,Donald,Hughes,4963 Layman Avenue,Whiteville,NC,28472,Visa,4929423950658736,223,11/2014
Yeatcheed90,JaniceEHunter@spambob.com,ohzaeF6Ae,Janice,Hunter,2996 Brannon Street,Los Angeles,CA,90014,Visa,4532317482140503,882,10/2016
Hercerays1927,MarshaWKrueger@spambob.com,aetiNg4quai,Marsha,Krueger,63 Seneca Drive,Portland,OR,97205,MasterCard,5311976589272420,449,7/2017
Nince1952,MichaelMBusse@dodgit.com,eir0Ohku3,Michael,Busse,2501 Griffin Street,Phoenix,AZ,85034,MasterCard,5470600075176443,041,2/2017
Piew1930,ChristopherGMcLemore@spambob.com,Zaequ0lahm9,Christopher,McLemore,1127 Mount Street,Midland,MI,48640,MasterCard,5179904994097928,514,8/2013
Thinficess,EdwardCCummings@spambob.com,aiJ0yei4,Edward,Cummings,4227 Jennifer Lane,Fayetteville,NC,28301,Visa,4532511480971519,595,11/2016
Rappe1927,DonaldFByerly@spambob.com,ieng4dei1Ii,Donald,Byerly,562 August Lane,Shreveport,LA,71101,Visa,4716462069353513,482,2/2013
Raccuporly,DavidaTDombroski@trashymail.com,son9Oopoh,Davida,Dombroski,3360 Birch Street,Indianapolis,IN,46225,Visa,4716708989815258,236,12/2015
Afferore,BarbaraESanchez@dodgit.com,beem1Cheil,Barbara,Sanchez,979 Mandan Road,Saint Louis,MO,63101,Visa,4539260127964429,706,7/2014
Throffes,MichaelKMacneil@pookmail.com,aiqu1eiBe,Michael,Macneil,3048 Leo Street,Pittsburgh,PA,15212,MasterCard,5521923624164150,119,12/2014
Agron1957,PaulDFrench@dodgit.com,phe8Beev,Paul,French,1217 Larry Street,New Berlin,WI,53151,Visa,4539992329307508,336,11/2013
Frored,JohnnyBWhaley@spambob.com,Oot8oaYae9,Johnny,Whaley,4473 Ella Street,Mountain View,CA,94041,Visa,4929498016006039,387,3/2017
Paluncelow1952,JohnJJefferson@mailinator.com,chi5uivieFi,John,Jefferson,596 Bottom Lane,Fredonia,NY,14063,Visa,4929320148222435,994,6/2015
Exam1982,RobertPMoore@pookmail.com,SaHo5Ieng,Robert,Moore,4090 Gore Street,Houston,TX,77030,MasterCard,5285742715941458,054,10/2017
Obst1968,CarolyneWCagle@mailinator.com,phie8Mi0,Carolyne,Cagle,1933 Emerson Road,Wisner,LA,71378,MasterCard,5196427290440211,538,7/2013
Yesing,MarciMCasillas@pookmail.com,iek2pee4Ie,Marci,Casillas,3705 Paradise Lane,Los Angeles,CA,90017,MasterCard,5496207825251003,456,3/2016
Saire1964,MartyCJohnson@spambob.com,giiQuohgh9ph,Marty,Johnson,2309 Mattson Street,Tigard,OR,97223,Visa,4532881429930631,280,11/2015
Oudge1964,CodySMaggio@pookmail.com,ieTe5teing7,Cody,Maggio,1848 Philadelphia Avenue,Salt Lake City,UT,84111,Visa,4916068288799937,646,3/2015
Alettere,StevenMTorres@dodgit.com,Paibahbu9,Steven,Torres,1712 Elm Drive,New York,NY,10004,Visa,4556209178358237,842,8/2013
Fecouth,NormanDGallardo@mailinator.com,WeQu8aighe,Norman,Gallardo,740 Benedum Drive,Middletown,NY,10940,Visa,4539496032355937,414,12/2015
Owend1975,OrvilleMBlock@dodgit.com,Oat6chueM7,Orville,Block,2901 Rainy Day Drive,Woburn,MA,01801,MasterCard,5181190661590231,227,11/2015
Hipay1969,BrianZHackett@trashymail.com,reeP9ahkoo2,Brian,Hackett,2725 South Street,Midland,TX,79701,MasterCard,5138753230128124,626,12/2013
Whisingerrim,RaymondKDesilva@spambob.com,Uo3aiph4Ch,Raymond,Desilva,279 Ingram Road,Greensboro,NC,27401,MasterCard,5129671211092039,577,12/2017
Forneims,ChrisESuarez@pookmail.com,Choez4ceego,Chris,Suarez,4073 Carriage Court,El Cajon,CA,92020,MasterCard,5304779975389371,739,6/2015
Ouliff1984,KindraZIbarra@pookmail.com,shaef8Quai,Kindra,Ibarra,4796 Colony Street,Trumbull,CT,06611,MasterCard,5211426682004693,492,12/2017
Faut1990,MichealJHatcher@mailinator.com,eeWae3chai,Micheal,Hatcher,3249 Water Street,Oakland,CA,94607,Visa,4556714600995787,594,6/2013
Grom1955,MarciaDButters@trashymail.com,SooReekio6r,Marcia,Butters,1629 Waterview Lane,Ragland,NM,88101,MasterCard,5317266237426675,811,6/2017
Wasibuntold,MarkYUnderwood@pookmail.com,Sugheva9aw,Mark,Underwood,3277 Morningview Lane,New York,NY,10013,MasterCard,5574209024972780,249,11/2015
Ficust,AdeleJEaly@trashymail.com,bi2shieVi,Adele,Ealy,3408 Geneva Street,New York,NY,10007,MasterCard,5492296706590997,407,12/2015
Dionly,DorothaJJames@dodgit.com,sheHa9ohv,Dorotha,James,4026 Cook Hill Road,Hartford,CT,06103,Visa,4916725808848425,378,5/2015
Apsentraing,SusanaNRandell@spambob.com,kahKi9tha,Susana,Randell,318 Seltice Way,Coeur D Alene,ID,83814,Visa,4929963015050627,635,2/2015
Whishatim,DeborahGHare@dodgit.com,uQui1roh1e,Deborah,Hare,4890 Locust View Drive,San Francisco,CA,94143,Visa,4929430928338721,242,1/2013
Whileme,ChristopherEPhaneuf@trashymail.com,gaiNg3rah,Christopher,Phaneuf,3957 Jerry Dove Drive,Bennettsville,SC,29512,Visa,4929926009568235,230,1/2015
Cated1957,AdamAWarren@trashymail.com,IeNg5edoo,Adam,Warren,2147 Ward Road,Port Chester,NY,10573,Visa,4532855615082803,509,1/2016
Yeare1930,HaroldNMarkert@dodgit.com,Aeneeg8ie,Harold,Markert,1717 Creekside Lane,Solvang,CA,93463,Visa,4716085620571354,184,10/2014
Pronegrot,EthelDHammes@trashymail.com,oc8chon3Teet,Ethel,Hammes,3120 Deer Ridge Drive,Red Bank,NJ,07701,Visa,4532965590330414,602,10/2016
Ackles,RichardLRoberts@trashymail.com,leequ5aeF5ph,Richard,Roberts,5 Freshour Circle,San Antonio,TX,78205,MasterCard,5530870891010468,937,4/2013
Gainglaing,MichealPLong@mailinator.com,Edai0aerah,Micheal,Long,2795 Laurel Lane,Hobbs,TX,88240,Visa,4532442221379137,262,10/2015
Suromile,LindaJCox@dodgit.com,Ooyohsh5,Linda,Cox,4169 Hickory Ridge Drive,Las Vegas,NV,89030,MasterCard,5113777274479498,701,5/2015
Thersevere1960,TiffanyPMartinez@pookmail.com,aeGhah1ur4oo,Tiffany,Martinez,3142 Coulter Lane,Richmond,VA,23224,MasterCard,5290530483236174,912,4/2017
Moren1956,LouisAReynolds@spambob.com,AeX9OoFoh,Louis,Reynolds,1100 Simpson Square,Enid,OK,73703,MasterCard,5101126529017006,384,9/2013
Fortherry,RandallJJones@dodgit.com,niPavu6Ae,Randall,Jones,2902 Todds Lane,San Antonio,TX,78258,MasterCard,5237945704188481,427,11/2017
Probjecre,RobertKPastor@dodgit.com,Iu1ceshieho,Robert,Pastor,2298 Hart Ridge Road,Grand Rapids,MI,49503,MasterCard,5306007632569047,962,8/2014
Simet1938,GermanALy@trashymail.com,op9kahT2,German,Ly,4671 Cunningham Court,Holly,MI,48442,Visa,4539550835718558,623,9/2017
Hazies,CharlesSMiller@trashymail.com,ohMoo6Shei,Charles,Miller,1519 Harvest Lane,Ravenwood,MO,64479,MasterCard,5561914868697428,190,9/2016
Heinink,DonaldJJimenez@trashymail.com,OHeiv7ei7x,Donald,Jimenez,2227 Libby Street,Los Angeles,CA,90017,MasterCard,5391288297087790,217,6/2015
Seir1975,JohnCLee@trashymail.com,IeYau6yoh,John,Lee,3743 Waterview Lane,Hobbs,NM,88240,MasterCard,5241068161064212,678,12/2014
Hili1992,JeromeGSnapp@mailinator.com,aenaPh9choo,Jerome,Snapp,2073 Young Road,Rexburg,ID,83440,Visa,4916162121692258,049,2/2016
Stoomaked,WilliamMCrouch@spambob.com,ooqu8uMaich,William,Crouch,4859 New Creek Road,Fort Wayne,IN,46865,Visa,4716861331501769,883,8/2015
Hishound,AndreaJCampos@spambob.com,Phiejee4,Andrea,Campos,4773 Ocala Street,Winter Park,FL,32789,Visa,4929492320371734,265,12/2016
Surney,PatriciaJTran@trashymail.com,jui3Lee7Qu,Patricia,Tran,2557 Calvin Street,Hanover,MD,21076,Visa,4929201363559885,373,6/2013
Ustere,BrianDMoon@trashymail.com,vuHai1Thee,Brian,Moon,481 Khale Street,Florence,SC,29501,Visa,4929534898073943,906,3/2016
Twomithe,LetitiaMMorey@spambob.com,Ohng0ow1Fo,Letitia,Morey,4396 Owagner Lane,Seattle,WA,98106,MasterCard,5295042975172185,220,5/2017
Gaindred,JeremyKElkins@spambob.com,Zoo8Jierei,Jeremy,Elkins,1337 Traders Alley,Kansas City,MO,64110,Visa,4539328599053722,699,5/2017
Theimithad,RandyMSantos@spambob.com,niphep0Ae,Randy,Santos,1926 Simpson Square,Balko,OK,73931,Visa,4916867669147842,455,6/2016
Coment47,BretSRadcliff@pookmail.com,phi4Ahm7iCh,Bret,Radcliff,2314 Lighthouse Drive,Branson,MO,65616,MasterCard,5484232138947810,780,4/2014
Butablit,VanessaJBain@trashymail.com,ahJaisoo4zei,Vanessa,Bain,3455 Fairway Drive,Fairfield,CA,94533,MasterCard,5211292772122732,916,5/2013
Wopmetuand,LisaJDeane@trashymail.com,Die6Ood7jai,Lisa,Deane,2764 Tree Top Lane,Kemblesville,PA,19347,Visa,4539680270392971,763,5/2017
Dets1980,ThomasRCosta@pookmail.com,Lahw1aengoh,Thomas,Costa,4377 Asylum Avenue,Norwalk,CT,06854,MasterCard,5328607352113522,813,10/2013
Whadearbary,MayGDeckard@mailinator.com,chei3Een,May,Deckard,2629 Owagner Lane,Seattle,WA,98119,Visa,4485130459278009,694,9/2014
Fromad,TamiMPrivett@spambob.com,Pheech1gibae,Tami,Privett,1012 Del Dew Drive,Lexington Park,MD,20653,MasterCard,5259581713964027,865,3/2016
Cama1985,PaulBCalderon@dodgit.com,Uwaeho0ei,Paul,Calderon,943 Poco Mas Drive,Arlington,TX,76011,MasterCard,5566768593831404,739,8/2013
Allne1989,NaomiJGrant@spambob.com,MeeHish4w,Naomi,Grant,3680 Quiet Valley Lane,Irvine,CA,92614,Visa,4539060553150091,638,4/2013
Lovetted,PatrickBBarnes@mailinator.com,naeyee5BeeC,Patrick,Barnes,1587 Essex Court,Colchester,VT,05446,MasterCard,5468494358204237,628,7/2014
Rother80,RuthWODonnell@trashymail.com,lah1ooPha,Ruth,O'Donnell,4319 Grant Street,Troup,TX,12345,Visa,4716926022602679,799,6/2013
Ablued,KarenAKelly@trashymail.com,Pheang2Eish,Karen,Kelly,1345 Rockford Road,Mansfield,MA,02048,Visa,4716436721899840,553,11/2016
Preacces1945,RondaBDuhon@dodgit.com,TadieK5ie,Ronda,Duhon,707 Chatham Way,Beltsville,MD,20705,Visa,4716130947263119,933,12/2016
Himpt1976,ChristinaDSierra@dodgit.com,aiphiD9th,Christina,Sierra,322 Sheila Lane,Reno,NV,89501,Visa,4716962031418229,313,2/2015
Roseen,AnthonyLWelker@pookmail.com,Ahne0Eew3,Anthony,Welker,3213 Lost Creek Road,Phoenixville,PA,19460,Visa,4716238523149337,168,6/2015
Drebeguing,CarolADye@mailinator.com,Ongea2lai4,Carol,Dye,1541 Brownton Road,Starkville,MS,39759,MasterCard,5525927911988821,680,1/2015
Natiouldown,MiguelCLarson@pookmail.com,neeVee4xe7hae,Miguel,Larson,3765 Fairway Drive,Fairfield,CA,94533,Visa,4716760965155944,329,3/2013
Ouster,MichaelDHarris@pookmail.com,voovah5Boh,Michael,Harris,4357 George Street,Dade City,FL,33525,MasterCard,5422967454179382,873,4/2013
Feligne,CherylJSadler@pookmail.com,ujahc8Ohja,Cheryl,Sadler,543 Musgrave Street,Oklahoma City,OK,73102,Visa,4532445522516935,415,5/2014
Boulth,LindaEBurg@spambob.com,sohhai8Eing,Linda,Burg,369 Sand Fork Road,Plymouth,IN,46563,MasterCard,5220684069219677,295,1/2017
Rottleve,BethJSolis@dodgit.com,reiYiah5ush,Beth,Solis,4345 Junkins Avenue,Fitzgerald,GA,31750,MasterCard,5127302062325441,102,7/2017
Stiverrom,JillDScott@mailinator.com,oongeep9Eig,Jill,Scott,2760 Honeysuckle Lane,Seattle,WA,98119,Visa,4485733021119096,698,6/2015
Pencier,ElizabethLJunkins@spambob.com,ThohLae6,Elizabeth,Junkins,2263 Collins Avenue,Dublin,OH,43017,MasterCard,5388837804493522,995,1/2015
Ansted,MichelleHBenn@pookmail.com,ee1ieGhei,Michelle,Benn,4012 Kyle Street,Kearney,NE,68847,Visa,4485742073467113,510,1/2017
Wassaimmat,SuzanneJPerkins@pookmail.com,hoC0Joow6va,Suzanne,Perkins,3211 Gore Street,Sugar Land,TX,77478,Visa,4485428947007455,993,11/2014
Agaventy,WilliamRHampton@trashymail.com,aoluaShoo9,William,Hampton,1123 Jenna Lane,Des Moines,IA,50309,MasterCard,5209155481779817,249,5/2015
Matimprod,DavidTLight@pookmail.com,riiBoK3Teej,David,Light,1686 Sycamore Circle,Dallas,TX,75234,MasterCard,5189522959565164,717,2/2014
Thationothe,RobertECameron@mailinator.com,Woh2EMeiphi,Robert,Cameron,1999 Red Maple Drive,Los Angeles,CA,90018,Visa,4539502842513720,138,4/2013
Silcother,ElaineCCabrera@mailinator.com,ooPhejo7ugh,Elaine,Cabrera,563 Logan Lane,Centennial,CO,80112,Visa,4716136980902992,558,11/2013
Thownshe,LyndaJSquires@spambob.com,ooN5Jaa8che,Lynda,Squires,4816 Biddie Lane,Richmond,VA,23224,Visa,4485059484468667,934,5/2013
Hichatentir,PattiCCallahan@trashymail.com,iomioGhe3,Patti,Callahan,4717 Perine Street,Leesburg,VA,22075,MasterCard,5238947680564783,812,9/2017
Hatted,PatriciaJWilson@spambob.com,quei3xeeG4b,Patricia,Wilson,2750 Columbia Boulevard,Glenwood,MD,21738,MasterCard,5184189613931631,530,9/2016
Thits1959,TashaMJackson@mailinator.com,ah1oNgen,Tasha,Jackson,273 Pointe Lane,Pompano Beach,FL,33060,MasterCard,5180923165690136,630,9/2015
Minimearts67,CatherineRWalker@dodgit.com,Qui5eijie,Catherine,Walker,4335 Highland Drive,Milwaukee,WI,53202,Visa,4532327499084974,504,2/2016
Unchip,CameronGEllis@pookmail.com,zuBah3ahtae,Cameron,Ellis,4455 Stiles Street,Pittsburgh,PA,15217,MasterCard,5128499872793435,561,4/2015
Blesteth,JamesABaker@pookmail.com,Oi6aet2ajoo,James,Baker,1348 Village View Drive,Fort Myers,FL,33905,MasterCard,5514084873983003,799,10/2014
Wifear,BrianAJohnson@spambob.com,xeeQuie9rai4,Brian,Johnson,3482 Clinton Street,Little Rock,AR,72210,Visa,4556578277563925,584,3/2017
Propee,CalvinARyan@pookmail.com,fiozeoN2doo,Calvin,Ryan,1677 Timber Ridge Road,Sacramento,CA,95814,MasterCard,5395139290980208,233,2/2013
Lisell,JoshuaWLentz@trashymail.com,ohTievoo1y,Joshua,Lentz,1780 West Fork Drive,Pompano Beach,FL,33064,Visa,4532851221232858,675,9/2014
Aget1967,MargieJHolden@mailinator.com,Iethioji9qu,Margie,Holden,2292 New Creek Road,Fort Payne,AL,35967,MasterCard,5199467693782535,151,4/2015
Thisicland,ShaneASmith@dodgit.com,eet7Koobai,Shane,Smith,447 Eva Pearl Street,Innis,LA,70447,MasterCard,5149349252501822,693,2/2014
Sputhessir,FritzCMcCarty@pookmail.com,OleiFain3E,Fritz,McCarty,4946 Mesa Drive,Las Vegas,NV,89104,Visa,4929920832482714,083,5/2014
Thusaccom1990,MichelleEHackett@pookmail.com,Wah7iephei,Michelle,Hackett,4783 Marion Drive,Plant City,FL,33566,MasterCard,5289880752621538,403,5/2017
Prept1939,MarkABrockett@trashymail.com,ooN7Kaihoh5,Mark,Brockett,3964 Lady Bug Drive,Queens,NY,11413,Visa,4916978167558305,625,1/2017
Replads,DonnaHCorder@trashymail.com,ahveeQu3o,Donna,Corder,4756 Stoney Lane,Dallas,TX,75240,MasterCard,5327112427455694,760,9/2013
Sagifen,NicholasMThompson@spambob.com,uX4ahdiqui,Nicholas,Thompson,3066 Burwell Heights Road,Houston,TX,77092,Visa,4929261379466517,802,4/2015
Manis1948,ReginaldHDixon@dodgit.com,egh8geeS6,Reginald,Dixon,2367 Veltri Drive,Juneau,AK,99801,Visa,4916879115677942,103,12/2016
Ates1961,ScottBWaits@mailinator.com,kipi3ooTh,Scott,Waits,4845 Logan Lane,Denver,CO,80220,MasterCard,5266619901765169,315,9/2014
Themage,JimAPrince@trashymail.com,Aehai2Ya6ie,Jim,Prince,1535 Broadway Avenue,Blountville,TN,37617,Visa,4485792620304871,106,11/2015
Walonly,MavisJJordan@spambob.com,Eech3phe8ie,Mavis,Jordan,3112 Half and Half Drive,Selma,CA,93662,MasterCard,5330984094017535,823,9/2017
Trofter,MaryDStiles@mailinator.com,boJ9jeiP,Mary,Stiles,452 Lena Lane,Jackson,MS,39211,Visa,4716494555795683,773,11/2013
Recome,NormaRShaw@trashymail.com,mai6PiYae5,Norma,Shaw,579 Charles Street,Southfield,MI,48075,Visa,4556235090196678,382,4/2013
Hinging,StephenELong@dodgit.com,gooxahL8ae,Stephen,Long,757 Post Farm Road,Atlanta,GA,30337,Visa,4556561595123812,800,3/2014
Pook1951,StaceyTMorneau@pookmail.com,noa5Lee0l,Stacey,Morneau,741 Joes Road,Averill Park,NY,12018,MasterCard,5128433602440009,292,5/2014
Scrit1930,MaryJRobinson@trashymail.com,airoghooPh2,Mary,Robinson,2424 Collins Avenue,Columbus,OH,43215,Visa,4485302112407842,094,5/2014
Shustieverne,JeremyCLanders@dodgit.com,jing0oi6Oophoh,Jeremy,Landers,1505 Luke Lane,Enid,OK,73701,Visa,4716139344336527,127,9/2016
Pasky1957,SarahESaunders@trashymail.com,Je3Iezubah,Sarah,Saunders,1927 Cimmaron Road,Placentia,CA,92670,Visa,4485429726878736,214,3/2017
Anow1986,IdaLSalazar@mailinator.com,Saemuu3P,Ida,Salazar,4682 Hillhaven Drive,Los Angeles,CA,90029,Visa,4532278149751100,827,8/2015
Whossible,JerrodEPerry@trashymail.com,phae6Waree,Jerrod,Perry,2079 Lyon Avenue,Boston,MA,02110,Visa,4716590250713440,529,6/2014
Houghter1968,TiffanyAPersinger@spambob.com,WiePhae6o,Tiffany,Persinger,4772 Heather Sees Way,Picher,OK,74360,MasterCard,5318631002757282,406,6/2013
Hatrance,MyrtleEBanks@mailinator.com,Iemupaiph5,Myrtle,Banks,89 Progress Way,Springville,IA,52336,Visa,4716132128785423,685,10/2014
Tinshe,MatthewMFrank@spambob.com,ti4ux8keXah,Matthew,Frank,2018 Heron Way,Dallas,OR,97338,Visa,4485612802949477,108,2/2013
Therse,SoniaJGregory@trashymail.com,wee9Ieth0,Sonia,Gregory,2952 Bingamon Branch Road,Arlington Heights,IL,60004,Visa,4539241155424445,014,7/2014
Vistoad,PaulBHunley@mailinator.com,GeeS0kequ2woh,Paul,Hunley,4995 Green Avenue,Concord,CA,94520,MasterCard,5148790144781919,331,4/2015
Wrock1973,LauraFClark@pookmail.com,EiPh4aesh,Laura,Clark,3695 West Side Avenue,Montclair,NJ,07042,Visa,4532168900207956,623,2/2014
Ardes1991,SylviaCValenti@mailinator.com,mai9ohP9oo,Sylvia,Valenti,4854 Reel Avenue,Hobbs,NM,88240,MasterCard,5468630581930946,827,11/2014
Uppery,LisaLCarroll@mailinator.com,vohDee1jaep,Lisa,Carroll,879 Burnside Avenue,Brianhead,UT,84719,MasterCard,5111182128925766,740,12/2014
Lores1981,SusanaCSims@pookmail.com,aez3Pho1ae,Susana,Sims,3392 Carolyns Circle,Dallas,TX,75201,MasterCard,5560692946320749,132,9/2016
Beflon42,FranciscoDHagan@trashymail.com,airiZoh8ahf,Francisco,Hagan,2310 Callison Lane,Philadelphia,DE,19108,Visa,4539721088496412,072,9/2014
Whicephas,JohnMHarris@mailinator.com,chaiV1ae,John,Harris,1907 Frosty Lane,Binghamton,NY,13901,Visa,4929400293392553,089,10/2016
Identionevid,NathanCKnudsen@dodgit.com,eethaCh0fa,Nathan,Knudsen,3707 Woodstock Drive,El Monte,CA,91731,MasterCard,5451444504565816,789,1/2016
Fromeannown,KarieJNoll@pookmail.com,xeiQu3ee,Karie,Noll,207 Poe Road,Jamestown,SC,12345,MasterCard,5345206662519327,878,11/2015
Praged75,JoannaCJohnson@mailinator.com,Oshaesh3gah,Joanna,Johnson,4099 Calico Drive,Spokane,WA,99201,MasterCard,5457025138158583,910,1/2017
Lusand,JeffreyDMathis@spambob.com,aeY8john6,Jeffrey,Mathis,851 Burke Street,West Roxbury,MA,02132,Visa,4485247185887117,460,12/2014
Hencomitair85,KatherineJBullock@spambob.com,uSheir6V,Katherine,Bullock,4849 Brown Street,Phoenix,AZ,85008,MasterCard,5184983124491931,865,6/2013
Hison1935,QuentinLCollins@mailinator.com,aiWa1ic8oh,Quentin,Collins,3635 Euclid Avenue,Santa Maria,CA,93458,MasterCard,5197887362697882,694,11/2016
Willet,KennethJBanfield@trashymail.com,di1chi5Oo,Kenneth,Banfield,1590 James Avenue,Newton,KS,67114,Visa,4532187774128155,885,11/2014
Vaggrosen90,FrancesRGates@spambob.com,saan0IaJ,Frances,Gates,2988 Harper Street,Paducah,KY,42003,MasterCard,5244767308947091,170,10/2017
Quier1959,JennieRKaiser@dodgit.com,eiG2ooJoh,Jennie,Kaiser,3853 Meadow Drive,Miles City,MT,59301,MasterCard,5343701566305197,367,3/2013
Althiche,AnthonyTSancho@mailinator.com,noZoolez1,Anthony,Sancho,1244 Adams Drive,Bay City,TX,77414,Visa,4485407499397167,400,4/2015
Thenthe,MatthewEDotson@spambob.com,ooX5iiR3aibu,Matthew,Dotson,4964 Spruce Drive,Princeton,PA,16101,Visa,4716920161452731,670,12/2017
Hooss1982,CodyDRoth@dodgit.com,rem9ohLooQu,Cody,Roth,1750 Radford Street,Louisville,KY,40299,MasterCard,5308770784553386,702,6/2014
Fonumene,GeorgianaTFranklin@pookmail.com,xahph0xohTh,Georgiana,Franklin,3425 Pine Street,Bridgeville,PA,15017,MasterCard,5364222524919387,457,2/2016
Criongul,RobinJStroud@spambob.com,Ohngue5eiph,Robin,Stroud,4134 Trouser Leg Road,Springfield,MA,01103,Visa,4929807893156636,164,2/2015
Flon1960,WilliamIKerns@dodgit.com,zohx2Cee,William,Kerns,3687 Pickens Way,Longview,TX,75604,MasterCard,5273203179719330,450,3/2013
Comarrid38,GloriaWLeong@trashymail.com,ohdee4Heenae,Gloria,Leong,2350 Crim Lane,Russells Point,OH,43348,Visa,4532533125817469,566,9/2017
Lieuphe,ShawnMKerr@mailinator.com,Wooth1sua,Shawn,Kerr,3875 Everette Alley,Pompano Beach,FL,33062,Visa,4485467643266304,620,11/2013
Alard1956,CynthiaWHorsley@pookmail.com,ChahY1nai,Cynthia,Horsley,1415 Thorn Street,Mountain View,WY,82939,Visa,4916090105265405,118,4/2017
Smilley29,BerthaCFendley@trashymail.com,PaM0Shi7ku4,Bertha,Fendley,4126 Dogwood Road,Phoenix,AZ,85012,Visa,4929398735678581,499,11/2016
Pergersuse,RichardJWilliams@trashymail.com,Yalahh8fiap6g,Richard,Williams,2817 Horner Street,Youngstown,OH,44507,MasterCard,5438269693350441,898,7/2013
Beroplike,TaylorRKellems@dodgit.com,Aefeoxeif4bei,Taylor,Kellems,1125 Ritter Street,Huntsville,AL,35802,MasterCard,5376893924257465,747,4/2013
Cattesidn,LelaCVogt@pookmail.com,Kaef4eiph,Lela,Vogt,3537 Charla Lane,Mesquite,TX,75150,MasterCard,5284754132599596,188,11/2013
Wheyany60,JamesCMaldonado@spambob.com,vai1shohQu1,James,Maldonado,4281 Lakewood Drive,Rochelle Park,NJ,07662,Visa,4539619176837747,828,12/2014
Extuality1962,MaryJRolph@trashymail.com,joi3uaPhoi0,Mary,Rolph,177 Ashcraft Court,San Diego,CA,92101,MasterCard,5287562229621117,593,9/2015
Kingstrus,AndreaHYoungblood@trashymail.com,leeyah9ieWoo,Andrea,Youngblood,2504 Elk Creek Road,Gainesville,GA,30501,MasterCard,5175136479878753,687,8/2016
Whicanot,TerinaCReed@dodgit.com,ahn0Di4sh,Terina,Reed,4439 Oral Lake Road,Golden Valley,MN,55427,Visa,4539299949275580,179,8/2014
Aromided1953,RebeccaJGuzman@mailinator.com,xoh1shieP1,Rebecca,Guzman,57 Conaway Street,Princeton,IN,47670,Visa,4485065565122529,380,10/2013
Wrowspent,TanjaJFolse@spambob.com,aiMae8io3E,Tanja,Folse,3112 Horizon Circle,Tukwila,WA,98168,MasterCard,5420042573066845,483,1/2017
Hibbians,JordonHJohnston@mailinator.com,Yiemoongai2,Jordon,Johnston,3587 Garrett Street,Portland,PA,97205,Visa,4532768422654278,100,4/2013
Therent,JanFCastaneda@trashymail.com,Ahtieg3wee,Jan,Castaneda,3485 Massachusetts Avenue,Washington,DC,20005,MasterCard,5379263987462518,207,2/2017
Boas1970,AngelaJNitz@dodgit.com,EiX9aequeez,Angela,Nitz,1015 Raintree Boulevard,Richmond,IN,47374,Visa,4716547087676281,165,5/2013
Suppin,TrevorRMalone@trashymail.com,eide3AfahXooX1,Trevor,Malone,470 Marion Drive,Tampa,FL,33602,MasterCard,5202391448565281,187,1/2017
Starountor83,EricLFrazier@spambob.com,Shoboh3chei,Eric,Frazier,997 Wilson Avenue,Italy,TX,76651,MasterCard,5145828767887549,110,12/2017
Camir1939,MatthewERoth@spambob.com,chisahZ1Hai,Matthew,Roth,3129 Middleville Road,Gardena,CA,90248,Visa,4532611028001538,664,3/2014
Invuld,LeonardVCloyd@trashymail.com,Ie7Ey8ahCh,Leonard,Cloyd,1572 Hartland Avenue,Appleton,WI,54911,MasterCard,5456370109819859,870,8/2015
Rower1970,StephenKFincher@spambob.com,quai3ro0Mu,Stephen,Fincher,579 Broadway Street,Florence,SC,29501,MasterCard,5469413056859604,394,3/2015
Hisce1943,JessieWManey@spambob.com,noaf3paPae,Jessie,Maney,1409 Cody Ridge Road,Lawton,OK,73505,Visa,4929697342976795,555,6/2016
Ockenshis1993,JenniferRAnderson@spambob.com,Mee2singe,Jennifer,Anderson,4496 Green Acres Road,Mamie,NC,27952,MasterCard,5303115931049240,099,7/2014
Arcummen77,AgathaTTraylor@dodgit.com,eeTei9hiew,Agatha,Traylor,2418 Lords Way,Arlington,TN,38002,MasterCard,5326514757473059,455,7/2017
Thervint28,LauraJStewart@spambob.com,yohxaen9Ei,Laura,Stewart,3684 Joyce Street,Mobile,AL,36602,MasterCard,5160271032129670,521,5/2016
Gonvegred,MauriceKLeach@dodgit.com,UMa1Sieng,Maurice,Leach,3637 Graystone Lakes,Macon,GA,31210,MasterCard,5285984749548657,060,4/2017
Ducand,MichaelRPorter@trashymail.com,aphu5Uareim,Michael,Porter,1309 Harley Brook Lane,Bedford,PA,15522,MasterCard,5265017522722902,937,12/2013
Miless,GuillermoMMorrison@dodgit.com,ahNgeekoo7,Guillermo,Morrison,2738 Hayhurst Lane,Troy,MI,48098,Visa,4916001095883537,267,3/2017
Prifer,LynnJHaugen@pookmail.com,Urox0nahgh,Lynn,Haugen,1964 Heavens Way,Sarasota,FL,34236,MasterCard,5301667278552295,971,12/2016
Obelf1961,RobertMHawks@trashymail.com,Woigh6dai,Robert,Hawks,617 Grant View Drive,Milwaukee,WI,53216,MasterCard,5587659222251731,099,9/2016
Oling1942,RoderickSSparks@pookmail.com,uaRoof6ewaiva,Roderick,Sparks,919 Timbercrest Road,Wainwright,AK,99782,Visa,4929646224156257,857,5/2017
Hiciand,VirginiaDCraig@spambob.com,ui8Lu4aequ,Virginia,Craig,4032 Oakridge Farm Lane,New Berlin,WI,53151,MasterCard,5596696656018052,623,3/2015
Cons1992,HeidiDCreech@trashymail.com,Eep3ua9ootae,Heidi,Creech,1127 Ridge Road,Moundridge,KS,67107,Visa,4716128721828016,032,2/2016
Spenjoyere,JoshuaCBaranowski@trashymail.com,AhT5eef5e,Joshua,Baranowski,2470 Ritter Avenue,Roseville,MI,48066,MasterCard,5587310631667113,115,5/2016
Gratin1978,JessieRGarber@dodgit.com,dooTh8ur4,Jessie,Garber,4704 Watson Lane,Frio Canyon,TX,78873,MasterCard,5511406059587907,844,10/2017
Notiontery,EvonGLowery@pookmail.com,es4Ein3ai,Evon,Lowery,3974 Lost Creek Road,Bethlehem,PA,18018,MasterCard,5409278091360162,566,2/2016
Dingethey,LolaJReilly@pookmail.com,mee3Raiquai,Lola,Reilly,4031 Lake Road,Ocean City,NJ,08226,MasterCard,5202462923017492,303,4/2016
Sposing,RobertBKing@mailinator.com,ohcheeGh3t,Robert,King,3311 Sunny Day Drive,Anaheim,CA,92804,Visa,4485035125590382,369,8/2015
Weepatien,HenryIAtchison@spambob.com,aghoh3Ah,Henry,Atchison,167 Lindale Avenue,Oakland,CA,94612,MasterCard,5253193316328596,826,7/2015
Suraing,FrankAChilds@trashymail.com,OhY6cahb5ra,Frank,Childs,4250 Havanna Street,Greensboro,NC,27403,Visa,4556530193120199,824,7/2014
Agar1954,MargueriteERomriell@trashymail.com,Eik6xae4Aequ,Marguerite,Romriell,4654 Diamond Cove,Newport,RI,02840,Visa,4485290463268626,611,1/2017
Thinficess,KennethJHervey@pookmail.com,aVoh3siang,Kenneth,Hervey,728 Horner Street,Cuyahoga Falls,OH,44221,Visa,4929749196037354,245,12/2017
Happed,HollyKNorman@mailinator.com,Weehai8Ch,Holly,Norman,3880 Station Street,Austin,TX,78741,Visa,4556990365742602,719,5/2013
Teaks1930,JoeEVassar@dodgit.com,CiD0eeyae7ae,Joe,Vassar,3109 Metz Lane,Gloucester City,NJ,08030,MasterCard,5345538818874002,725,7/2016
Antiould,JohnJSmith@mailinator.com,aiTie0wooxo,John,Smith,4901 Northwest Boulevard,Union City,NJ,07087,MasterCard,5416102751463325,951,4/2013
Wardly,DavidVSnyder@dodgit.com,ahl5Uv8oor,David,Snyder,1332 Gerald L. Bates Drive,Newton,MA,02160,MasterCard,5313124887465812,372,10/2013
Asequou,RobertMStokes@trashymail.com,Ux2iYo8ooSh2,Robert,Stokes,3781 Lucy Lane,Evansville,IN,47711,MasterCard,5174492066972892,470,4/2014
Domay1960,DonaldKBolin@spambob.com,eChu3Ne8,Donald,Bolin,4350 Despard Street,East Point,GA,30344,MasterCard,5226692471467663,855,12/2014
Earourear,JohnDRist@mailinator.com,boox6Meco,John,Rist,3371 Columbia Boulevard,Severna Park,MD,21146,MasterCard,5350113317376610,785,9/2015
Thatund,JohnnyAAshcraft@trashymail.com,ahthaiH2,Johnny,Ashcraft,4243 Stanley Avenue,Hempstead,NY,11550,MasterCard,5223781409003055,921,12/2017
Sentuabion,EugeneAMcKnight@pookmail.com,ietahW3que,Eugene,McKnight,1132 Crowfield Road,Phoenix,AZ,85023,Visa,4916377531283999,647,3/2014
Musigen1936,AndreeKBills@trashymail.com,lah7ohNo,Andree,Bills,1857 Edwards Street,Fountain,NC,27829,Visa,4485825520983996,850,10/2014
Haterne,MarshallTVaughn@trashymail.com,aej3shooH,Marshall,Vaughn,675 Douglas Dairy Road,Abingdon,VA,24210,Visa,4485311754205224,933,7/2014
Funtoink1946,AletaRChristofferse@pookmail.com,nohNoh9ou1ph,Aleta,Christofferse,775 Settlers Lane,New York,NY,10013,MasterCard,5408654742854574,077,3/2016
Thaverce,MarshaRWilson@spambob.com,Aepahdoh2K,Marsha,Wilson,2449 Fraggle Drive,Chicago,IL,60606,Visa,4556923274764631,725,12/2013
Toppland,JoseSBozarth@mailinator.com,Ukaihai0fa,Jose,Bozarth,1496 New Street,Eugene,OR,97401,MasterCard,5517421116052906,191,6/2016
Frocarephey,RonaldPVoelker@spambob.com,Eich7maiH6Ei,Ronald,Voelker,3170 Overlook Drive,Indianapolis,IN,46225,MasterCard,5537584014951127,457,5/2015
Sairch,LaurenDDunlap@pookmail.com,Eb7giePoo,Lauren,Dunlap,1332 Langtown Road,Mansfield,OH,44907,MasterCard,5139394614999167,346,10/2015
Himare,SherryJFlanary@spambob.com,ahB2eVahng,Sherry,Flanary,4525 Wood Street,New Orleans,LA,70171,Visa,4532007626583631,407,1/2016
Thoillody66,CoreySWillis@pookmail.com,ahS9mahxahf,Corey,Willis,4444 Public Works Drive,Bristol,TN,37620,Visa,4716127020098081,351,2/2017
Dahme1963,RobertBBaker@pookmail.com,taefohX4gie,Robert,Baker,2918 Coulter Lane,Richmond,VA,23224,MasterCard,5191462518172150,613,2/2016
Dessaimis,JacobCKittel@pookmail.com,Ohha8Shah,Jacob,Kittel,2523 Jehovah Drive,Fredericksburg,VA,22408,Visa,4716335391812986,660,8/2013
Hisilat,SusanMWells@pookmail.com,EeCeiqui8je,Susan,Wells,994 Tibbs Avenue,Fairview,MT,59221,Visa,4485479189683552,805,5/2017
Vatir1986,DeniseJOchoa@spambob.com,oiD7seig,Denise,Ochoa,4789 Berry Street,Colorado Springs,CO,80903,Visa,4539795296908020,405,2/2015
Nossorend,AntoniaJGeorge@trashymail.com,shaiNgei3,Antonia,George,3775 Shinn Street,New York,NY,10019,Visa,4916064079045317,061,6/2015
Beentive1988,ChristopherPKeck@pookmail.com,ahPhies4a,Christopher,Keck,82 County Line Road,St Petersburg,FL,33701,MasterCard,5299706898074787,211,7/2017
Cauz1928,MelvinNBeltz@dodgit.com,jaK0foh9,Melvin,Beltz,4079 Moore Avenue,Fort Worth,TX,76106,Visa,4716953313697440,608,10/2013
Wrip1946,KatherineALanders@dodgit.com,cheiZot8ee,Katherine,Landers,1408 Dawson Drive,Little Rock,AR,72212,MasterCard,5160422436642798,645,6/2014
Homps1951,PhillipREmery@spambob.com,ofu5Thaeja,Phillip,Emery,1926 Edwards Street,Tarboro,NC,27886,Visa,4556911463840437,210,9/2017
Patern,LoisTGriffin@mailinator.com,Chah8beiXu,Lois,Griffin,1083 Brannon Avenue,Jacksonville,FL,32277,MasterCard,5457873272595650,544,3/2015
Thetting,AaronHMontana@trashymail.com,phaHie5h,Aaron,Montana,1050 Reppert Coal Road,Mount Clemens,MI,48043,MasterCard,5430245282874528,825,6/2017
Paing1964,JoanneAMelton@spambob.com,eengai7Maith,Joanne,Melton,222 Conference Center Way,Avoca,PA,18641,Visa,4532771728899811,701,5/2016
Therul,DianeSBurkholder@trashymail.com,GeerooS9ie,Diane,Burkholder,33 Norman Street,Los Angeles,CA,90071,MasterCard,5293494187048053,083,11/2017
Ablets58,BettyLGriffin@spambob.com,ahngieN3ke,Betty,Griffin,1471 Roosevelt Wilson Lane,Fontana,CA,92335,Visa,4556203689144772,842,9/2013
Thithers,FrankPGabriel@dodgit.com,Eighei5oo,Frank,Gabriel,391 Cody Ridge Road,Lawton,OK,73501,MasterCard,5401005433510446,715,3/2014
Gick1973,BetsyLRidgeway@mailinator.com,ceic5woo7Ie,Betsy,Ridgeway,1092 Austin Avenue,Savannah,GA,31401,MasterCard,5364561059935213,767,1/2013
Gaid1936,JamesKAvery@dodgit.com,che9Ool8,James,Avery,1204 Bee Street,Chippewa Lake,MI,49320,MasterCard,5381727999895325,373,7/2017
Thujered,JamesHRue@pookmail.com,Aif8iecohth,James,Rue,2613 Pine Tree Lane,Herndon,MD,22070,Visa,4532857628369698,266,10/2016
Dichatithat,JosephDReisman@dodgit.com,yooCh1hieng,Joseph,Reisman,3127 Archwood Avenue,Mountain View,WY,82939,MasterCard,5136993781438751,328,8/2014
Thalle,WilliamCHaynes@dodgit.com,daikie8Ie,William,Haynes,240 Hiddenview Drive,Lakewood,OH,44107,Visa,4532039388723097,385,8/2014
Himentionce1966,HollieESmith@trashymail.com,Uashaingax9,Hollie,Smith,4694 Thrash Trail,Mount Pleasant,TX,75455,Visa,4485015213151511,625,7/2015
Hableartur,WillieACobb@spambob.com,daiph0Hein3,Willie,Cobb,4381 Allison Avenue,Norfolk,VA,23502,Visa,4716806978586599,708,7/2014
Wasem1928,WandaERedman@dodgit.com,wei9Uneisohj,Wanda,Redman,512 Clarence Court,Ontario,CA,91761,MasterCard,5272237951872611,149,7/2015
Youreaver,BeatriceSLoh@spambob.com,chaiy0chuTh,Beatrice,Loh,710 Farland Street,Chicago,IL,60628,Visa,4556322991080159,767,11/2017
Wareturs,InezRJohnson@spambob.com,Vo9ENu3Ee,Inez,Johnson,3369 Johnson Street,Raleigh,NC,27601,Visa,4916703075336549,773,2/2013
Whisele,StephaniTVoss@pookmail.com,oob8dai6aeZ,Stephani,Voss,4997 Brooklyn Street,Berryville,VA,22611,Visa,4532384341630223,706,8/2014
Lackou,WilliamJSanders@mailinator.com,oeg4Dix3,William,Sanders,606 Hayhurst Lane,Troy,MI,48098,MasterCard,5227009629286482,666,3/2015
Prinaces,VanMHuffman@trashymail.com,HaePh1xee,Van,Huffman,2645 Jarvis Street,Buffalo,NY,14202,Visa,4532316528898942,847,12/2017
Havourepoll,KennethJClatterbuck@spambob.com,fui2iHoo,Kenneth,Clatterbuck,1053 Wescam Court,Reno,NV,89501,MasterCard,5368754403755678,161,8/2016
Shation,FeliciaAGagnon@spambob.com,mae4sheez7Aij,Felicia,Gagnon,293 Cedarstone Drive,Toledo,OH,43612,MasterCard,5330764973990634,084,11/2017
Whely1947,ElijahAMarshall@pookmail.com,au0huayeeBai,Elijah,Marshall,1925 Honeysuckle Lane,Tukwila,WA,98168,MasterCard,5334623179804419,082,7/2014
Forthe,NormanSKim@dodgit.com,sahm8shaiPha,Norman,Kim,4298 Old Dear Lane,Pearl River,NY,10965,MasterCard,5229098933087817,794,11/2015
Berighbour,EvaSLusk@dodgit.com,Iu7uufen9tu2ook,Eva,Lusk,1056 Oakridge Lane,Dallas,TX,75234,Visa,4916462414000502,576,1/2016
Inforle,SandraDGarcia@pookmail.com,ohlee0Roo,Sandra,Garcia,2659 Berry Street,Pueblo,CO,81004,Visa,4485767356872747,838,2/2017
Sciallift,BarbaraCDobson@dodgit.com,hooka2Neer8,Barbara,Dobson,1606 Mudlick Road,Walla Walla,WA,99362,Visa,4929645314586316,675,5/2014
Droasing1952,EmilyJJackson@mailinator.com,zos8Uza8,Emily,Jackson,1846 Rosebud Avenue,Little Rock,AR,72201,MasterCard,5526211626334483,680,3/2015
Dinted,JasonRAllen@mailinator.com,Mai5ooja4ei,Jason,Allen,3366 Rivendell Drive,Youngstown,OH,44503,MasterCard,5547829678349896,818,3/2017
Fornew1958,WilliamODillard@mailinator.com,aer4Ahmah,William,Dillard,3065 Golf Course Drive,Washington,VA,20005,MasterCard,5467784360446755,317,4/2017
Lorge1968,LisaMCovington@dodgit.com,jee9chegeBu,Lisa,Covington,706 Mercer Street,Mosinee,WI,54455,MasterCard,5590540871205878,649,5/2015
Andings,MosePShumway@dodgit.com,Aig9EBuoph,Mose,Shumway,4139 Cottrill Lane,Bridgeton,MO,63044,Visa,4556752125971750,064,9/2015
Crial1986,JoshuaDSmith@spambob.com,thaimo2Cie6,Joshua,Smith,1681 Hayhurst Lane,Troy,MI,48098,Visa,4485589531342374,475,4/2017
Ancell,DarrelCCockburn@pookmail.com,vo3aaxaeL,Darrel,Cockburn,398 Roosevelt Street,San Francisco,CA,94115,MasterCard,5400569914973648,077,2/2013
Overearrever37,CynthiaEBryant@dodgit.com,nohro2uWeed,Cynthia,Bryant,4493 Rainbow Road,Glendale,AZ,85301,MasterCard,5324366181369813,296,3/2013
Woulty,AaronSBrown@pookmail.com,eiGaer0hu,Aaron,Brown,4073 Sunny Day Drive,Los Angeles,CA,90017,Visa,4716389111062679,178,12/2015
Warmidem,RichardFManiscalco@spambob.com,AiFooY0Kee,Richard,Maniscalco,2911 Sherman Street,Salina,KS,67401,MasterCard,5146706873571562,860,2/2013
Saisent,MichelleRRivera@dodgit.com,fu3eeyooZ4ai,Michelle,Rivera,2695 Pine Tree Lane,Mc Lean,MD,22102,Visa,4485890018637421,668,7/2013
Acry1932,ManuelJHarris@spambob.com,Ied8uz1Oo,Manuel,Harris,1799 James Street,Atlanta,NY,14808,MasterCard,5484310124434835,067,12/2015
Ralithaten,PatriciaBLangley@pookmail.com,Je2eev0Bi1oo,Patricia,Langley,683 Saint Francis Way,West Allis,WI,53227,Visa,4916682884037375,778,11/2016
Butamene,JasonGGreene@mailinator.com,ooriz4Oupa4,Jason,Greene,37 Amethyst Drive,Lansing,MI,48933,MasterCard,5375578705597814,578,9/2013
Viscruend,KristineECraighead@spambob.com,KeeGhei7ahf,Kristine,Craighead,4621 Ralph Drive,Cleveland,OH,44114,Visa,4485005489383013,999,2/2017
Rume1959,TeresaJGreenfield@spambob.com,Thaip4wae,Teresa,Greenfield,2772 Hudson Street,Rochelle Park,NJ,07662,Visa,4716915869039012,250,1/2015
Farmay,LeolaIShockley@pookmail.com,Eeth0aech5w,Leola,Shockley,635 Wildwood Street,Akron,OH,44311,MasterCard,5552863792686521,750,8/2015
Sernis,RichardJHoyer@pookmail.com,Iidail7ax,Richard,Hoyer,3271 Black Stallion Road,Winchester,KY,40391,Visa,4716142884984409,629,9/2013
Whick1968,BryanYGould@mailinator.com,Aing3nu1Evuh,Bryan,Gould,4698 Church Street,Bronx,NY,10463,Visa,4556157881216442,890,5/2016
Learres,MichelleCJenkins@dodgit.com,ohb4OZae,Michelle,Jenkins,2410 Mount Tabor,White Plains,NY,10601,MasterCard,5382269776912618,192,5/2016
Whinding,MirianKRivas@spambob.com,Lu2raiVif,Mirian,Rivas,4152 Giraffe Hill Drive,Farmers Branch,TX,75234,Visa,4485635961907549,834,6/2014
Sust1936,DeniseJStallings@dodgit.com,ier6oaV5,Denise,Stallings,3512 Oakwood Circle,Fullerton,CA,93632,Visa,4532010353168808,243,12/2013
Leas1967,HaroldADavis@trashymail.com,uy3pieNgeK,Harold,Davis,1599 Timber Ridge Road,Sacramento,CA,95826,MasterCard,5322828693332102,511,11/2014
Adarming,JoannTHarris@dodgit.com,UuchoHu7v,Joann,Harris,723 West Side Avenue,Piscataway,NJ,08854,Visa,4929822352300476,364,5/2013
Hipt1979,ErikWChamplin@spambob.com,thah5Cheing,Erik,Champlin,4037 Hoffman Avenue,New York,NY,10013,Visa,4716603940176652,872,1/2016
Mardst,MarthaRHart@spambob.com,gae6xaeCh,Martha,Hart,1598 Devils Hill Road,Jackson,MS,39213,MasterCard,5197618733655378,346,12/2014
Spappons1949,GeorgeFGeorge@dodgit.com,Do8Eidiex,George,George,655 Camden Street,Reno,NV,89501,MasterCard,5588185267145124,997,12/2015
Lanned,HectorMKirkpatrick@pookmail.com,duuph3aeY,Hector,Kirkpatrick,1547 Liberty Avenue,Burbank,CA,91505,Visa,4556589824478798,374,9/2016
Pirits,KevinMCarvalho@dodgit.com,peSh0aabiew,Kevin,Carvalho,801 Overlook Drive,Indianapolis,IN,46278,MasterCard,5390537460805458,696,2/2014
Wortuld,JoseTVernon@spambob.com,rile4Cof,Jose,Vernon,4298 Filbert Street,Bethlehem,PA,18018,Visa,4485190278340489,960,5/2013
Timseat1986,PatriciaDLyons@dodgit.com,Oghiex9zaeZ,Patricia,Lyons,618 Brownton Road,Chester,MS,39735,MasterCard,5372402518917858,157,1/2014
Blevensight,PatriciaLHouser@mailinator.com,moh5Phun4I,Patricia,Houser,1792 Eden Drive,Richmond,VA,23228,Visa,4716455026250111,524,6/2014
Ancomettiody,WilliamKLittle@pookmail.com,ahNg5Xig8H,William,Little,194 Hillside Drive,Charlestown,MA,02129,MasterCard,5200736551077452,789,5/2016
Martramed,LauraLRoper@mailinator.com,Nooc2uxooW,Laura,Roper,2236 Twin House Lane,Everton,MO,65682,MasterCard,5555395315235988,115,5/2013
Opirted,HowardRMcDonald@spambob.com,Tie5lee0Mohm,Howard,McDonald,2125 Charter Street,Kansas City,KS,64106,Visa,4929208121649056,537,6/2015
Rusy1964,EstrellaJCole@trashymail.com,uaTh6ahng,Estrella,Cole,3246 Giraffe Hill Drive,Grand Prairie,TX,75051,MasterCard,5501170604171615,300,9/2013
Boser1968,RubyMWyche@trashymail.com,Dahsaimoo4,Ruby,Wyche,370 Alpaca Way,Anaheim,CA,92801,Visa,4532103591657086,405,7/2016
Minat1937,ErinAHarris@trashymail.com,queoCoh2fah,Erin,Harris,2077 New Street,Eugene,OR,97401,Visa,4916152828463954,632,7/2016
Vier1946,DavidPAllen@trashymail.com,zaeQuu8weish,David,Allen,2306 Breezewood Court,Hartford,KS,66854,MasterCard,5379510793603549,312,10/2017
Thaintrack,BrandyBMcMullen@trashymail.com,ER6ha3ahna,Brandy,McMullen,3740 Bernardo Street,Clear Spring,IN,47220,Visa,4556835594815374,052,1/2014
Houttlences85,WesleyHRoberts@pookmail.com,Eukoo6aez,Wesley,Roberts,4608 Cambridge Court,Blue Mountain,AR,72826,MasterCard,5342679827562163,231,2/2016
Thdre1945,HenryMKent@pookmail.com,Aisiem9uy,Henry,Kent,3619 Wyatt Street,Boca Raton,FL,33487,Visa,4485454841647709,473,4/2016
Ovelied,TrentMGrimsley@dodgit.com,vaipow8Va,Trent,Grimsley,407 Bel Meadow Drive,Los Angeles,CA,90017,MasterCard,5458657096396562,476,8/2014
Yourache,WilliamSChafin@dodgit.com,ieYae6mae,William,Chafin,1507 Cost Avenue,Laurel,MD,20707,MasterCard,5205019967227556,368,4/2016
Occred,RichardFHarris@mailinator.com,nie4Aejoo,Richard,Harris,1658 Smith Street,Hyannis,MA,02601,Visa,4929073664405088,288,6/2013
Abso1965,DennisLMotter@dodgit.com,gech5ooZo9,Dennis,Motter,1184 Lincoln Drive,Harrisburg,PA,17101,Visa,4916281493479084,307,2/2016
Saftever,HyonSWare@dodgit.com,aeNgah1eoHee,Hyon,Ware,2681 Stoneybrook Road,Orlando,FL,32801,MasterCard,5576543051330597,417,6/2014
Plaustand,JosephHCady@pookmail.com,ooDei9Usoo,Joseph,Cady,4834 Devils Hill Road,Jackson,MS,39201,Visa,4556280883131185,991,11/2014
Usen1931,JamesLScott@pookmail.com,aiX3oov3oo,James,Scott,3000 Powder House Road,Miami,FL,33132,MasterCard,5342901858863504,812,6/2013
Halied,RogerIKarnes@mailinator.com,sho7rahKee,Roger,Karnes,282 Ashford Drive,Washington,VA,20005,MasterCard,5310266730917292,450,9/2017
Moren1950,ElaineSHarris@spambob.com,EicheiChah1p,Elaine,Harris,2557 Chenoweth Drive,Sewanee,TN,37375,MasterCard,5539340628145715,578,5/2013
Slon1979,JudyKMiller@mailinator.com,eiShan5ooGh,Judy,Miller,2677 Jones Street,Dallas,TX,75212,Visa,4539799569771875,745,8/2014
Hinally,EricAWard@mailinator.com,xoosh3AhB,Eric,Ward,4627 Kimberly Way,Lowell,MA,01852,Visa,4556144781706177,532,8/2017
Notheires,MaryJNorris@spambob.com,sieBuuK4iehoh,Mary,Norris,4527 Scenicview Drive,Odessa,TX,79762,Visa,4556941521183397,111,2/2017
Bitheirstake,NickKMendez@trashymail.com,Aiquee5ahp,Nick,Mendez,1125 Hayhurst Lane,Detroit,MI,48226,MasterCard,5274344014606495,835,1/2015
Chapill,PatriciaCPowell@trashymail.com,jie2AhSah8,Patricia,Powell,4730 Chenoweth Drive,Cookeville,TN,38501,MasterCard,5228861763833282,607,3/2013
Lauch1958,LekishaETyson@dodgit.com,Oo1Que7Oh,Lekisha,Tyson,4371 Pinchelone Street,Portsmouth,VA,23707,MasterCard,5442868791929701,811,5/2017
Alimpragn,DorothyFMcClure@dodgit.com,eeb7maiHa,Dorothy,McClure,4334 Straford Park,Somerset,KY,42564,MasterCard,5430456340064024,615,2/2014
Wispond,NormanMReal@pookmail.com,iL5Yixai,Norman,Real,3681 Turkey Pen Road,New York,NY,10016,Visa,4716436012344787,747,3/2017
Thile1976,LaurenRHanson@trashymail.com,Fee5Thee,Lauren,Hanson,207 Medical Center Drive,Polk City,FL,33868,MasterCard,5178226538732963,966,8/2016
Taings,DawnDRomano@pookmail.com,ujoo0ithoCh,Dawn,Romano,317 Trymore Road,Easton,MN,56025,Visa,4716729416315142,631,12/2016
Proughat,LisaJPham@pookmail.com,ieB0uiku,Lisa,Pham,3424 Hedge Street,Millington,NJ,07946,Visa,4929062477890990,046,6/2017
Drand1950,SantiagoMSwisher@trashymail.com,oochaPo4ae,Santiago,Swisher,3866 Elmwood Avenue,Scottsdale,AZ,85253,MasterCard,5416141406731744,444,10/2015
Aboustinger,RalphTWalker@spambob.com,jaileRoo4,Ralph,Walker,1045 Cimmaron Road,Burbank,CA,91505,MasterCard,5367656094352114,426,11/2014
Truld1939,RobertJLuna@trashymail.com,Aijoo0nee,Robert,Luna,3477 Rivendell Drive,Youngstown,OH,44503,MasterCard,5372875146761576,508,2/2014
Nolibleyou,EstherRMarshall@trashymail.com,ealuoB2eey,Esther,Marshall,952 Cessna Drive,Fort Wayne,IN,46818,MasterCard,5357707464144672,843,12/2013
Mathaddley,JamesBAlexander@spambob.com,ain5chu9Yah,James,Alexander,101 Medical Center Drive,Sarasota,FL,34240,MasterCard,5344408486204232,107,9/2014
Yoursteptat,SherylJTherrien@trashymail.com,ur3AeDu5Loo,Sheryl,Therrien,249 Kovar Road,Brockton,MA,02401,MasterCard,5258972478384819,245,3/2015
Mandiwe,DavidJDoyle@dodgit.com,iothaet6ohK,David,Doyle,4213 Center Street,Wayne,NJ,07477,Visa,4916741558894386,829,5/2016
Tentsman,JesusLGaither@pookmail.com,oobu8ineeXie,Jesus,Gaither,4658 Cherry Camp Road,Chicago,IL,60636,MasterCard,5460693194582312,027,5/2014
Whassioustay,MarjorieRRenteria@dodgit.com,eeLo8Iiquoo1,Marjorie,Renteria,4153 Langtown Road,Findlay,OH,45840,Visa,4485276401574464,441,2/2014
Hileace,RobertPCrowell@dodgit.com,EeHo8Zie3oo,Robert,Crowell,3158 Maple Lane,Huntsville,AL,35805,Visa,4929930737940740,388,4/2015
Gledgear,RichardRFord@spambob.com,Showe9sah,Richard,Ford,2846 Richards Avenue,Riverbank,CA,95367,MasterCard,5530474149237898,366,11/2013
Candect1939,CecilAMcGowan@pookmail.com,Quaij2eid,Cecil,McGowan,4345 Shobe Lane,Vail,CO,81657,Visa,4716015417754418,459,6/2016
Cumpoing,LonnieTOrtega@pookmail.com,Ra4Meiyah,Lonnie,Ortega,3089 Flinderation Road,La Grange,IL,60525,MasterCard,5263494966989234,504,11/2017
Anin1931,TheresaDBaer@pookmail.com,mueJoh3u,Theresa,Baer,1852 Ritter Avenue,Bloomfield Township,MI,48302,Visa,4539425829898817,166,5/2014
Youldry73,DorisGHutchinson@mailinator.com,Ofeegh8sh,Doris,Hutchinson,4173 Old House Drive,Croton,OH,43013,Visa,4556230460927059,787,7/2014
Hanotaink,KarinTFranklin@mailinator.com,Ce5ohQuah,Karin,Franklin,3654 Valley Drive,Warminster,PA,18974,Visa,4716704706464876,041,7/2014
Trequirsice,CurtisPCox@dodgit.com,zooCh6oo,Curtis,Cox,353 Rebecca Street,Schaumburg,IL,60173,MasterCard,5332471622569425,265,3/2014
Gaveressake,SharonVRagsdale@dodgit.com,Beish2vohc,Sharon,Ragsdale,3523 Smithfield Avenue,Coldwater,TX,79022,MasterCard,5154715471990677,311,8/2013
Hicall62,CharlieMTaylor@trashymail.com,eiBohf1vee,Charlie,Taylor,1393 Benson Park Drive,Choctaw,OK,73020,Visa,4916323698229052,815,2/2016
Nark1933,GeorgeSAllan@spambob.com,aiZ1Iequo2gei,George,Allan,3919 Stonepot Road,Hope,NJ,07844,Visa,4485049818249131,117,11/2016
Thingess1989,JonathanADiaz@trashymail.com,shahHie0kai,Jonathan,Diaz,1573 Spadafore Drive,Knox,PA,16232,Visa,4929960130435014,897,8/2013
Orameffees,GlennYHampton@trashymail.com,ahreec3aiNg,Glenn,Hampton,1803 Candlelight Drive,Houston,TX,77084,Visa,4716730385760029,003,10/2017
Sinvisithe,ToniRSoriano@spambob.com,aith5aiCh,Toni,Soriano,37 Smith Street,Rehoboth,MA,02769,Visa,4916189677147866,335,11/2013
Scromp63,ThelmaWPrather@spambob.com,ue1EeXe3a,Thelma,Prather,2851 Glenview Drive,Mathis,TX,78368,MasterCard,5543024990800909,539,10/2014
Andoes,AlvinEGonzales@trashymail.com,paetau8Ayoo,Alvin,Gonzales,2237 Hilltop Haven Drive,Newark,NJ,07102,Visa,4916438993992327,424,8/2016
Soustand,KarenCAllen@mailinator.com,koiqu1Ae,Karen,Allen,4863 Martha Ellen Drive,Jackpot,NV,89825,MasterCard,5335316026317342,585,2/2013
Jact1988,CharlesSCrane@dodgit.com,uTh4Goo7oo,Charles,Crane,1172 Liberty Avenue,Anaheim,CA,92805,MasterCard,5527873669933148,751,1/2014
Ared1983,DavidADaves@pookmail.com,ech8Ri0hoju,David,Daves,4061 Keyser Ridge Road,Thomasville,NC,27360,Visa,4716798557898695,276,12/2017
Possell1969,DoraRPearce@spambob.com,Sae4Maewie,Dora,Pearce,4471 University Drive,Burr Ridge,IL,61257,Visa,4929592187985052,309,1/2015
Hineseepthis,GayleSSimon@dodgit.com,Yoo1phaiZi9,Gayle,Simon,1589 Arbutus Drive,Miami,FL,33131,Visa,4716532178044839,001,2/2013
Oncoure,JohnLSmith@trashymail.com,Pei5iN7hieZ,John,Smith,1427 Stroop Hill Road,Roswell,GA,30076,MasterCard,5417158822821213,706,4/2015
Andrely,JasonMRivers@dodgit.com,ezie7ietee3V,Jason,Rivers,2602 Sussex Court,Crawford,TX,76638,MasterCard,5519767005592263,371,5/2017
Basure68,EddieSMcDonald@spambob.com,Na5ak1AiPh,Eddie,McDonald,4678 Woodridge Lane,Memphis,TN,38118,MasterCard,5313600844361921,155,7/2017
Mors1941,SaraHCampos@pookmail.com,eeghaep1Oo,Sara,Campos,1338 Mount Street,Saginaw,MI,48603,Visa,4929069496603577,133,8/2014
Cariely,BarbaraWHarrison@trashymail.com,id4Rie1mai,Barbara,Harrison,1949 Eden Drive,Richmond,VA,23222,MasterCard,5222419898984755,383,11/2014
Veren1943,StevenLConte@pookmail.com,Bai7uesh,Steven,Conte,1313 Junkins Avenue,Albany,GA,31701,MasterCard,5578006801185644,817,11/2014
Hises1940,RonaldGWalker@pookmail.com,UeM0Aeceupoh,Ronald,Walker,3241 Kelly Street,Charlotte,NC,28202,MasterCard,5597248833829081,812,12/2013
Garte1985,BrianOWarner@dodgit.com,yooW0tei9ah,Brian,Warner,2603 Oak Way,Lincoln,NE,68501,Visa,4532889025555744,777,9/2017
Wouls1992,JosephBRoss@spambob.com,eeViey1aph2t,Joseph,Ross,3680 Tetrick Road,Haines City,FL,33844,Visa,4556714986091425,027,10/2015
Papid1933,DavidJSmith@mailinator.com,eitui5fuuK,David,Smith,1830 Alpha Avenue,Grand Saline,TX,75140,MasterCard,5415834066932260,336,7/2016
Tivenswil,FrancesDColvin@dodgit.com,ahY3ail2eex,Frances,Colvin,1093 Chandler Drive,Osceola,MO,64776,Visa,4916618491074906,752,4/2015
Capast1935,JaniceGCarter@trashymail.com,aej9Ien2ie,Janice,Carter,2955 Fleming Way,Richmond,VA,23224,Visa,4485206249946855,322,4/2013
Pitore41,AnnieNKinser@spambob.com,Ola3rohvei5,Annie,Kinser,590 Fidler Drive,San Antonio,TX,78209,Visa,4916705000709575,014,2/2013
Efece1985,JayTBurke@dodgit.com,eirootohVi9,Jay,Burke,3263 Peaceful Lane,Cleveland,OH,44105,MasterCard,5159563792686979,142,12/2016
Mistne1944,FredMVillatoro@trashymail.com,yeepho2Aiyae,Fred,Villatoro,695 Elk Avenue,Concord,MI,49237,Visa,4556792391642388,028,10/2013
Priketelle,RobertKBarry@mailinator.com,tei5Aeboo,Robert,Barry,334 Farm Meadow Drive,Gainesboro,TN,38562,Visa,4532041825111274,393,4/2014
Artiong,MarkLChadwick@spambob.com,ove8iRish,Mark,Chadwick,957 Prudence Street,Detroit,MI,48226,Visa,4716423975657371,436,11/2016
Prect1932,AshleyMMurray@dodgit.com,Choo5omohn,Ashley,Murray,47 Marion Drive,Polk City,FL,33868,Visa,4556546566698025,064,9/2013
Youselithat,ShirleyAKlein@trashymail.com,zaiba9Suphoh,Shirley,Klein,3147 Freshour Circle,San Antonio,TX,78258,Visa,4532562958211524,286,12/2016
Awallaid,DavidCHall@mailinator.com,eeL3eiqu1,David,Hall,247 Perine Street,Washington,VA,20004,Visa,4485200955267580,882,10/2013
Sprid1986,VickiKKirby@spambob.com,ieph2ooToh,Vicki,Kirby,3413 Woodbridge Lane,Detroit,MI,48219,MasterCard,5266589730153293,692,6/2016
Theirly,RickPJones@mailinator.com,iiVahsha1,Rick,Jones,3325 Traders Alley,Kansas City,MO,64106,MasterCard,5245961433240287,620,1/2014
Abitnutim,JohnNGallagher@mailinator.com,ueP6dahd2v,John,Gallagher,3836 Winding Way,Warwick,RI,02887,Visa,4716548511718160,970,2/2017
Arsties,AlanSGuerrero@spambob.com,Aza3ievorua,Alan,Guerrero,1282 Graystone Lakes,Macon,GA,31213,Visa,4929821804500691,081,6/2015
Buzzlieve1965,LoisMCorreia@mailinator.com,PhiePh4c,Lois,Correia,3593 Rollins Road,Bartley,NE,69020,MasterCard,5517366921869236,759,10/2017
Waregs,GayeJGonzalez@spambob.com,Oayie7Zi1oh,Gaye,Gonzalez,1274 Maple Street,Los Angeles,CA,90017,Visa,4716042286967046,459,11/2016
Skint1988,MichaelRBartsch@spambob.com,phieh0Vae,Michael,Bartsch,3644 Primrose Lane,Madison,WI,53718,Visa,4539134757381404,677,4/2013
Vaged1983,CarolMHughes@pookmail.com,haexood2Oo,Carol,Hughes,1421 Commerce Boulevard,Dwight,NE,68635,Visa,4929304293545691,947,3/2016
Fewome,CharlesALeblanc@pookmail.com,ha2IeVeich,Charles,Leblanc,1811 Lauren Drive,Madison,WI,53718,MasterCard,5403230962048208,332,3/2017
Boodsom68,MarcellusMWolfe@dodgit.com,dumi0Keengai,Marcellus,Wolfe,4356 Little Acres Lane,Springfield,IL,62707,MasterCard,5471552134969632,170,6/2014
Facturtel,KumRJackson@pookmail.com,UiJ9aek5ph,Kum,Jackson,2816 Lynn Avenue,Merrill,WI,54452,Visa,4485680661151923,590,11/2017
Annever1950,MaryKSims@mailinator.com,ooqu9Tai,Mary,Sims,2727 New Street,Coos Bay,OR,97420,MasterCard,5516907574368462,737,8/2017
Gones1951,EllenJSteeves@trashymail.com,ohgemohH7ae,Ellen,Steeves,2420 Hart Ridge Road,Rogers City,MI,49779,MasterCard,5372473807447402,703,1/2015
Prahmen,PhyllisRWilson@dodgit.com,ahno8Ibugei,Phyllis,Wilson,979 Harron Drive,Baltimore,MD,21201,MasterCard,5313015575537518,542,3/2017
Beflon,WilliamGMaldonado@trashymail.com,Si5neetie,William,Maldonado,1361 Worthington Drive,Carrollton,TX,75007,MasterCard,5419940339141377,076,6/2015
Hict1964,HarryBMitchell@dodgit.com,oop3eus0Ee,Harry,Mitchell,587 Arthur Avenue,Shabbona,IL,60550,MasterCard,5260770258175993,379,12/2014
Thentrin,WilliamZBeason@spambob.com,queing3IeG,William,Beason,2129 Bridge Street,Tulsa,OK,74120,Visa,4532075850616427,159,9/2016
Enten1934,DorothyEBarnhill@pookmail.com,io1Aanoo5dee,Dorothy,Barnhill,4044 Lost Creek Road,Morgantown,PA,12345,Visa,4485573008049621,986,12/2016
Fireakingen,AnnetteTRobinson@spambob.com,Afeej8juu,Annette,Robinson,4192 Pointe Lane,Fort Lauderdale,FL,33301,MasterCard,5250254546409672,524,1/2013
Cumn1974,DanLSteele@mailinator.com,Ahth4Wee2,Dan,Steele,4018 Stonepot Road,Piscataway,NJ,08854,Visa,4532161154277783,106,7/2014
Olon1946,CarolSWilkinson@spambob.com,sexaiPe8,Carol,Wilkinson,3842 Riverwood Drive,Chico,CA,95926,MasterCard,5238166508581859,735,1/2017
Awasuard,LucienneTJohnson@trashymail.com,neC3ashoo,Lucienne,Johnson,3701 Neuport Lane,Norcross,GA,30091,Visa,4556401035320514,133,5/2016
Grieds,RichardJNguyen@spambob.com,aWeeva3Goo,Richard,Nguyen,2515 West Drive,Chicago,IL,60661,MasterCard,5244426776068902,970,2/2013
Tioncy,ThomasDMurray@dodgit.com,Aizei0phai,Thomas,Murray,4751 Delaware Avenue,San Francisco,CA,94107,MasterCard,5403430825657779,059,7/2013
Lourth,CecileAMoss@trashymail.com,eo7EechoM,Cecile,Moss,3137 Saint James Drive,Allensville,PA,17002,MasterCard,5166572991417244,126,12/2013
Thowelf,CathyDJohnson@mailinator.com,gea2Haixoht,Cathy,Johnson,2846 Arthur Avenue,Freeport,IL,61032,MasterCard,5510362791788447,216,6/2017
Yetion,KellyPJohnson@mailinator.com,beFu2Ia5hie,Kelly,Johnson,1998 Gandy Street,Syracuse,NY,13202,MasterCard,5490257064459839,964,3/2014
Grainky,RogerEHardison@spambob.com,Ooquooke1k,Roger,Hardison,3913 Camden Street,Lovelock,NV,89419,MasterCard,5591152725140043,700,1/2016
Womers,DianaPFaulkner@trashymail.com,ithooshe9E,Diana,Faulkner,61 Post Farm Road,Atlanta,GA,30342,MasterCard,5223564469928456,058,12/2016
Steacensen,AnthonyJBrannan@pookmail.com,Hideso4thee,Anthony,Brannan,888 Emily Drive,Santee,SC,29142,Visa,4556710456714959,936,11/2014
Keirock,RamonaVKim@dodgit.com,ahv6raN1E,Ramona,Kim,3635 Clay Lick Road,Longmont,CO,80501,MasterCard,5363768275908707,276,9/2014
Hiculd,CarolynNHogg@mailinator.com,aiQuahs7eex,Carolyn,Hogg,3092 Rainy Day Drive,Boston,MA,02114,MasterCard,5183630786158867,809,6/2014
Contable,HenryLMcLean@spambob.com,vohd0Sexeati,Henry,McLean,1161 Tanglewood Road,Jackson,MS,39201,Visa,4485934795880174,291,8/2016
Wheirlemse1953,DuaneKGrant@dodgit.com,thaew7Phohji,Duane,Grant,1853 Badger Pond Lane,Tampa,FL,33637,MasterCard,5245765435582038,016,6/2015
Homraptiould,ChristopherMPhipps@spambob.com,foh9va5Oh,Christopher,Phipps,3467 Diamond Street,Asheville,NC,28801,Visa,4929059123355857,025,2/2014
Respense1975,ScottCWeston@dodgit.com,ethahs9Oeh,Scott,Weston,893 Selah Way,Burlington,VT,05401,MasterCard,5274667113812980,978,8/2016
Askinkin,JohnJLittle@spambob.com,Aiz4Voo5hoo,John,Little,4850 Conifer Drive,Everett,WA,98203,Visa,4532335657908280,921,7/2015
Momentown,MichaelEGolden@pookmail.com,zahjoh0Th,Michael,Golden,4661 Red Maple Drive,Los Angeles,CA,90017,Visa,4716040505399512,575,9/2016
Crial1939,RichardEGregory@trashymail.com,phah0ookoh4Oo,Richard,Gregory,4648 Michigan Avenue,Bolivar,PA,15923,MasterCard,5545809511536026,716,4/2016
Exhim1970,RobertSLewis@trashymail.com,PooM8eing4nai,Robert,Lewis,4301 Camden Place,Summerville,SC,29483,MasterCard,5182848971149282,552,4/2013
Womaked,CorneliusOBourne@mailinator.com,ex8ohToox4koe,Cornelius,Bourne,2713 Glendale Avenue,Fullerton,CA,93632,MasterCard,5155210771550925,312,1/2015
Balt1984,MarySWelch@dodgit.com,ohMohb9o,Mary,Welch,1313 State Street,Highland Park,MI,48203,Visa,4929748869591838,915,12/2017
Evelostrues,EricMJohnson@pookmail.com,Vahsh5ei,Eric,Johnson,1394 Freedom Lane,Stockton,CA,95204,Visa,4539841050159184,564,2/2015
Equaringer,CherylRSly@dodgit.com,raemai8Mai,Cheryl,Sly,1215 Hiney Road,Fort Ransom,ND,58033,Visa,4539127757808442,833,8/2017
Fifixt73,RebeccaJCondon@trashymail.com,echah2La,Rebecca,Condon,2385 Irish Lane,Cottage Grove,WI,53527,MasterCard,5435161386044360,130,1/2014
Usind1955,MonaBEsquivel@mailinator.com,Hi0aFahchie,Mona,Esquivel,3834 Pearl Street,Sacramento,CA,95814,Visa,4556834344969136,040,6/2017
Undeavere47,KatherineDHartley@trashymail.com,IW8eJohgh,Katherine,Hartley,2471 Washington Avenue,Phoenix,AZ,85012,MasterCard,5453561855907541,120,11/2016
Worgarthe,ZeldaAErikson@pookmail.com,ahT9oiw1,Zelda,Erikson,1688 Ford Street,Oakland,CA,94612,MasterCard,5160985115069848,175,8/2015
Magaized1978,EileenDChambers@pookmail.com,udaegieX4,Eileen,Chambers,3447 Tibbs Avenue,Helena,MT,59601,MasterCard,5589460230510046,923,6/2017
Ingthere,NanEHarriman@spambob.com,ajooquae2Dai,Nan,Harriman,3911 Kimberly Way,Cambridge,MA,02141,MasterCard,5354493289043281,151,10/2017
Theresympare1934,ThomasSJohnson@mailinator.com,OhshaiH4d,Thomas,Johnson,3051 Poplar Avenue,San Diego,CA,92101,MasterCard,5133737800915312,287,3/2015
Inearegiree,JeremyNThomas@trashymail.com,eu1ooqueTh,Jeremy,Thomas,2420 Tenmile,San Diego,CA,92110,MasterCard,5411722744243636,523,9/2014
Peraweltake,SolMSharp@mailinator.com,Voow1Faic,Sol,Sharp,4054 Payne Street,St Paul,VA,24283,MasterCard,5179650255499820,252,7/2017
Girese1928,ChristopherLLyon@trashymail.com,rog7phieX3t,Christopher,Lyon,2248 Ripple Street,Alma,MI,48801,MasterCard,5293100629543540,971,7/2017
Buteatelf,JanetALindsey@dodgit.com,Eo9aiJiebei,Janet,Lindsey,1046 Fieldcrest Road,Mastic,NY,11950,Visa,4556689250247186,417,3/2017
Diall1953,RandyJBrendle@dodgit.com,aig5gaeT7,Randy,Brendle,3512 Oxford Court,Columbus,MS,39701,Visa,4539992457101947,369,1/2013
Accus1973,CharlesCEvans@trashymail.com,sae5weeYoh,Charles,Evans,2431 Wood Street,Saginaw,MI,48607,MasterCard,5445861623806087,990,8/2017
Andereagen,ErnieERiddle@trashymail.com,gai9peHi,Ernie,Riddle,144 Coventry Court,Baton Rouge,LA,70814,Visa,4532482770939469,276,4/2017
Adard1931,NigelJBurgess@pookmail.com,ceeSoofi9v,Nigel,Burgess,1795 Dovetail Estates,Helena,OK,73741,MasterCard,5142685578520799,142,11/2016
Sormse,DavidTHoward@pookmail.com,guiSo1aePhoh,David,Howard,2589 Woodlawn Drive,Waukesha,WI,53188,Visa,4556349776670763,788,10/2016
Haecomming,RandallMPatterson@pookmail.com,Lah8aliad,Randall,Patterson,2693 Elk City Road,Indianapolis,IN,46204,Visa,4556707817603228,583,6/2015
Critheing,RobertMGuardado@dodgit.com,Oog7shearoh,Robert,Guardado,590 Archwood Avenue,Mountain View,WY,82939,Visa,4916378206705894,596,9/2013
Clach1945,WilliamCCunningham@spambob.com,ISh5ein9thae,William,Cunningham,130 Stratford Court,Grantham,NC,27530,MasterCard,5126566905277677,626,7/2017
Poselver89,LisaPLuong@mailinator.com,Pheing3zah8,Lisa,Luong,1878 Clifford Street,Oakland,CA,94612,Visa,4929178777164256,508,10/2016
Abitnutim,EmilySStruble@spambob.com,puxa3Moo,Emily,Struble,3948 Parrish Avenue,Blanco,TX,78606,Visa,4556428531104902,370,1/2017
Parch1993,JuanEKessel@dodgit.com,toomee5IeH9,Juan,Kessel,4894 Charla Lane,Dallas,TX,75287,MasterCard,5313874322086652,502,6/2013
Hied1966,PatriciaDWells@pookmail.com,cieChie0Ai,Patricia,Wells,4955 Drummond Street,New Brunswick,NJ,08901,MasterCard,5240459122465740,610,8/2017
Juders,LucretiaJCastro@trashymail.com,iel3doh2Ai,Lucretia,Castro,4751 Emeral Dreams Drive,Dixon,IL,61021,MasterCard,5182714613554745,993,7/2017
Wasupor,PetrinaTTorres@trashymail.com,Ao2aep3Reew,Petrina,Torres,1341 Coventry Court,Baton Rouge,LA,70814,MasterCard,5171990556381220,231,12/2015
Scove1993,LucilleJBarnette@dodgit.com,Boe3ae9Equu,Lucille,Barnette,1245 Collins Street,Tampa,FL,33610,Visa,4716361148353439,705,3/2014
Woulty,JohnSTreiber@mailinator.com,oSahY8ohSh,John,Treiber,3296 Tavern Place,Boulder,CO,80302,Visa,4916489909999104,808,10/2013
Ingdow,MariaHGaskill@spambob.com,ohzo5tohQu,Maria,Gaskill,534 Eastland Avenue,Hattiesburg,MS,39401,MasterCard,5278601596196922,484,8/2014
Thented,SarahJMorrison@spambob.com,ohf2eiM8c,Sarah,Morrison,372 Stark Hollow Road,Steamboat Springs,CO,80487,MasterCard,5370014071283438,152,2/2017
Wonsession,JuliaRAsay@mailinator.com,ahweyi6ChaGh,Julia,Asay,3582 Nash Street,Chicago,IL,60607,Visa,4716172374725640,755,8/2017
Bestudy,ToddMLuoma@mailinator.com,hohheiR0,Todd,Luoma,1497 Preston Street,Phoenix,AZ,85034,MasterCard,5337262930203566,243,5/2017
Senew1989,RichardBHaggerty@trashymail.com,cheB1mei,Richard,Haggerty,2816 Snyder Avenue,Charlotte,NC,28211,Visa,4929627038353702,613,7/2015
Ming1973,MadelineFSession@trashymail.com,ceeh3Rohy,Madeline,Session,4000 Little Acres Lane,Macomb,IL,61455,Visa,4532678404050389,198,2/2017
Gocielince1957,TiffanyMPerryman@mailinator.com,sei6Ail1oh,Tiffany,Perryman,3626 Buffalo Creek Road,Nashville,TN,37214,MasterCard,5236175143300817,839,9/2016
Fonse1993,ElizaRCherry@dodgit.com,aecaiTh2Uv,Eliza,Cherry,2237 Havanna Street,Roxboro,NC,27573,MasterCard,5415640601598460,168,6/2013
Enterce,JohnSJohnson@trashymail.com,Zu8iuTh9rae,John,Johnson,4925 John Avenue,Lansing,MI,48912,MasterCard,5513005133059665,394,8/2013
Thean1945,ChristopherAPickens@mailinator.com,doo2iVooga,Christopher,Pickens,1704 Riverside Drive,Lagrange,GA,30240,MasterCard,5592238319789201,221,10/2017
Derapt,DeirdreDColvin@mailinator.com,akieGhi4vie,Deirdre,Colvin,3314 Burnside Avenue,Koosharem,UT,84744,MasterCard,5434543251555052,849,8/2016
Prel1979,SantiagoDOrtiz@spambob.com,oCheiC7yae,Santiago,Ortiz,4503 Progress Way,Willmar,MN,56201,MasterCard,5449000248316240,214,12/2013
Ournitattis,MargaretNHickman@spambob.com,vax3cieHee,Margaret,Hickman,2656 Cinnamon Lane,San Antonio,TX,78205,Visa,4539287242628506,018,7/2017
Alme1966,GeorgetteLCarmichael@spambob.com,oCu4OuK2,Georgette,Carmichael,4892 Marie Street,Salisbury,MD,21875,MasterCard,5412243448812096,139,12/2013
Rightes,JeffreyNMiller@mailinator.com,mac7saiB6,Jeffrey,Miller,3962 Bernardo Street,Elberfeld,IN,47613,MasterCard,5494992073169054,662,9/2015
Heacqualom,RaymondJAtlas@dodgit.com,kek7Tei4Oo,Raymond,Atlas,4331 James Avenue,Wichita,KS,67214,MasterCard,5451298363382626,098,9/2015
Pubset,BlakeSJames@pookmail.com,Ox8riemahSae,Blake,James,315 Griffin Street,Phoenix,AZ,85041,Visa,4532698154426316,451,3/2017
Atting,BettyLDay@dodgit.com,eengaeph4laJ,Betty,Day,1191 Pinchelone Street,Norfolk,VA,23502,MasterCard,5118571992348431,136,10/2015
Shant1973,MatthewLPullen@spambob.com,seu3Xei7m,Matthew,Pullen,2830 Reppert Coal Road,Jackson,MS,39206,Visa,4532230651800254,766,2/2015
Therong83,SandraJJohnson@dodgit.com,He5zu0az,Sandra,Johnson,3192 Lynch Street,Milwaukee,WI,53202,Visa,4929051385676336,029,5/2016
Legrattlyzed1989,ThomasTWeis@trashymail.com,giung0Jie,Thomas,Weis,3099 Parker Drive,Cleveland,OH,44114,MasterCard,5321165684581053,989,6/2016
Homps1966,JosephAWilliams@dodgit.com,Aw7eo5da5,Joseph,Williams,618 Round Table Drive,Hamilton,OH,45011,Visa,4532177333732324,104,6/2017
Elbectern,PiaJBigham@spambob.com,pair7Ni9,Pia,Bigham,340 Center Street,Wayne,NJ,07477,Visa,4532695284700909,836,1/2013
Fress1942,JeremyMEvans@trashymail.com,Guy7oobait,Jeremy,Evans,671 Colonial Drive,Sugar Land,TX,77478,MasterCard,5599455023198007,385,7/2016
Herm1931,DonnaCEverly@dodgit.com,Uox2eel7Woo,Donna,Everly,3281 Quincy Street,Philadelphia,PA,19107,Visa,4716362416362151,541,6/2016
Whoseeps45,StevenHKidwell@spambob.com,Queesue9poo,Steven,Kidwell,2621 Edgewood Avenue,Fresno,CA,93721,Visa,4929162193397476,976,3/2017
Ardect,EvaRBombardier@dodgit.com,ahLeng6zoh,Eva,Bombardier,3752 Roguski Road,Monroe,LA,71201,MasterCard,5124994512217617,123,11/2014
Suchoson30,ShanteBRocha@mailinator.com,Jeiph1ph,Shante,Rocha,4152 Reeves Street,Oconto,WI,54153,Visa,4485035074365927,959,4/2013
Marpoe,RyanLGiltner@trashymail.com,oTh2uim8ai,Ryan,Giltner,1668 Lucky Duck Drive,Pittsburgh,PA,15215,Visa,4539363896381328,703,2/2016
Morce1952,WilburnKDalton@mailinator.com,Aek8rogh,Wilburn,Dalton,4358 Still Street,Spencerville,OH,45887,Visa,4485021458915818,700,3/2014
Contold50,JosephBWise@mailinator.com,Cephu4ba5ir,Joseph,Wise,2284 Jim Rosa Lane,San Francisco,CA,94118,MasterCard,5599770380729339,684,12/2015
Shme1932,RyanAGibson@pookmail.com,Eihua7hae,Ryan,Gibson,3880 Barfield Lane,Carmel,IN,46032,MasterCard,5159000001100138,959,8/2015
Harourepy,JosephineBBurkett@mailinator.com,iezae5uaGai,Josephine,Burkett,2167 Lyon Avenue,Taunton,MA,02780,Visa,4916094721911822,378,5/2017
Straboy77,IreneRHollier@pookmail.com,eo5aip8ohXei,Irene,Hollier,3217 Turkey Pen Lane,Opp,AL,36467,MasterCard,5488705130778396,947,10/2015
Folefornim,JamesAKao@spambob.com,mei0Phiova,James,Kao,4299 Veltri Drive,Egegik,AK,99579,MasterCard,5378523621618077,436,7/2013
Heyead1966,JessicaWPhillips@pookmail.com,fea8Eiphei,Jessica,Phillips,977 Queens Lane,Lynchburg,VA,24504,MasterCard,5426685793866479,413,5/2017
Lauch1939,BerrySOrtiz@dodgit.com,Aeloofee7phae,Berry,Ortiz,2534 Poplar Lane,Miami,FL,33127,MasterCard,5365293594533027,668,7/2015
Migniver,HeatherDSquires@spambob.com,thai2Rohqu,Heather,Squires,166 Davis Street,Norcross,GA,30071,MasterCard,5208386492260361,173,5/2016
Senifee,RyanCPadua@pookmail.com,Ti9iuViLoo,Ryan,Padua,3003 Longview Avenue,Garden City,NY,11530,MasterCard,5191623468771461,435,3/2016
Whaper81,PaulAGreene@spambob.com,ruy1ohth6Ahw,Paul,Greene,3366 Primrose Lane,North Freedom,WI,53951,Visa,4929338836425151,245,12/2014
Artudistrums,KathyCArmstrong@dodgit.com,vio6Eebae,Kathy,Armstrong,2258 Deercove Drive,Doylestown,PA,18901,Visa,4929169770768847,951,3/2013
Frocence,TammyEBlack@mailinator.com,YeBae6bee,Tammy,Black,4901 Keyser Ridge Road,Archdale,NC,27263,MasterCard,5547070194326304,009,2/2014
Pogmeher,ErikaPJohnston@trashymail.com,eeChieF4e,Erika,Johnston,2026 Blue Spruce Lane,Columbia,MD,21046,Visa,4929122577939434,894,5/2013
Seepearrough,MichaelRSteinberger@trashymail.com,AK6moso5oo,Michael,Steinberger,3054 Hinkle Lake Road,Boston,MA,02107,Visa,4716677136437995,160,4/2014
Hisidest,SharonJBaker@trashymail.com,Toseem1vae,Sharon,Baker,1609 Watson Street,Lambertville,NJ,08530,Visa,4539926647408382,981,6/2014
Suchaticke,JohnVDias@pookmail.com,eeh4Faeph,John,Dias,3011 Holly Street,Columbus,GA,31901,Visa,4916176073470844,128,10/2015
Theacted,AlainaSWashington@trashymail.com,eibaeSh2,Alaina,Washington,1373 Edgewood Road,Sheridan,AR,72150,MasterCard,5408069207164312,105,9/2013
Explikes,MichellePAdams@dodgit.com,thoojo9Ohl,Michelle,Adams,3214 Eagle Lane,Eagle Bend,MN,56446,Visa,4539882029577197,316,8/2014
Nothas,MelanieJLedoux@spambob.com,fookae3Aqu,Melanie,Ledoux,4844 Doe Meadow Drive,Savage,MD,20763,Visa,4485644725689625,158,2/2013
Riong1993,TimothyCKile@dodgit.com,OweiXahPh7,Timothy,Kile,3167 Clay Lick Road,Englewood,CO,80112,Visa,4556381198576831,878,8/2014
Artmer,BeverlyMSevers@mailinator.com,naoB6ceeth,Beverly,Severs,2775 Coffman Alley,Habit,KY,42366,Visa,4556004499172502,385,11/2015
Beformady,SheilaRKirwan@mailinator.com,louK0phoo,Sheila,Kirwan,2653 Park Avenue,North Sacramento,CA,95815,Visa,4532374521548725,494,10/2015
Mannion,SusanWOsborne@trashymail.com,foh7Ohvie,Susan,Osborne,839 West Side Avenue,Jersey City,NJ,07304,MasterCard,5280272834797263,183,12/2014
Mandivether,ConchaWFuentes@trashymail.com,AngooJ8ri,Concha,Fuentes,4621 Comfort Court,Madison,WI,53715,Visa,4532963509533848,625,1/2014
Tuddly,PrestonTKlotz@trashymail.com,aeThu4gah,Preston,Klotz,4858 Sunset Drive,Star City,AR,71667,Visa,4539896278404671,772,3/2013
Bodem1940,FredaCMcLendon@spambob.com,eeMei0tir,Freda,McLendon,2984 Abner Road,Boulder Junction,WI,54512,MasterCard,5501564905102735,045,11/2014
Genced,NoemiJSmith@mailinator.com,xae1Iipei,Noemi,Smith,3170 Cameron Road,Buffalo,NY,14202,Visa,4485526083364604,212,4/2017
Entil1933,EdwardACummins@pookmail.com,oaqu0fuG8ee,Edward,Cummins,340 Wilkinson Street,Nashville,TN,37211,Visa,4539038292931583,786,12/2017
Ject1986,HerbertDChristensen@dodgit.com,ieDie4aetae,Herbert,Christensen,4030 Hill Haven Drive,Marlin,TX,76661,Visa,4556353245983914,881,12/2015
Brappire1983,MarissaJSwanson@trashymail.com,soh2pae1Ai,Marissa,Swanson,2430 Bridge Street,Sparks,OK,74869,Visa,4916718470038334,302,10/2013
Outramer,ShermanMMayer@pookmail.com,xie8Mugh,Sherman,Mayer,1362 Rockford Road,Bedford,MA,01730,Visa,4916777873075178,322,2/2015
Eire1928,EvelynRFred@pookmail.com,nei1ehooNg8,Evelyn,Fred,3252 Spinnaker Lane,Chicago,IL,60606,Visa,4716796228995783,291,4/2013
Doess1954,WilliamCJackson@trashymail.com,Ir1aiC3owoo,William,Jackson,3663 Parkway Street,El Centro,CA,92243,Visa,4916771248105232,115,4/2016
Musters,StephenCHart@spambob.com,poaZai9yai6,Stephen,Hart,1359 Heavner Court,Fenton,IA,50539,Visa,4916120534467015,199,2/2015
Frond1961,MaryEWestmoreland@pookmail.com,BooX3PhieTi,Mary,Westmoreland,1623 Burnside Avenue,Roosevelt,UT,84066,Visa,4929364418100558,497,9/2017
Calawn,JamesNBrennan@spambob.com,Poav3quai,James,Brennan,2380 Earnhardt Drive,Louisville,KY,40299,Visa,4916230554816833,202,12/2014
Alaim1968,RuthCSmith@dodgit.com,Ief1Nap5C,Ruth,Smith,2155 Atha Drive,Bakersfield,CA,93307,MasterCard,5217580643137887,242,12/2013
Volown,LindseyDBell@trashymail.com,pha0Aihaize,Lindsey,Bell,2440 New York Avenue,Fort Worth,TX,76110,Visa,4556312583168900,587,11/2013
Bringer,JohnSCooley@pookmail.com,NiengeiM3Oo,John,Cooley,4582 Roguski Road,Gilliam,LA,71029,MasterCard,5369351636827777,093,8/2017
